{"trainEpoch/avg_edge_index_bg_auprc":0.08384557068347931,"testEpoch/avg_epi_node_auprc":0.16134661436080933,"testStep/avg_epi_node_tn":142.6999969482422,"testEpochFinal/avg_epi_node_fn":7.758333206176758,"testStepFinal/avg_epi_node_tn":151.1999969482422,"valEpoch/avg_epi_node_fp":54.305206298828125,"valStep/avg_edge_index_bg_fp":296.70001220703125,"testEpoch/avg_edge_index_bg_fp":315.0104064941406,"valEpoch/avg_edge_index_bg_tp":12.467708587646484,"trainEpoch/avg_edge_index_bg_mcc":0.12728345394134521,"testEpoch/avg_edge_index_bg_tn":15937.0693359375,"epoch":20,"valStep/avg_loss":0.9299060702323914,"testStepFinal/avg_edge_index_bg_fp":256.5,"trainStep/avg_epi_node_tn":235.8834991455078,"valStep/avg_epi_node_tn":172.39999389648438,"testStepFinal/avg_edge_index_bg_mcc":0.030792316421866417,"_step":526,"_timestamp":1.736019574827117e+09,"valEpoch/avg_edge_index_bg_fp":276.9499816894531,"trainStep/avg_edge_index_bg_mcc":0.14648453891277313,"trainEpoch/avg_epi_node_auprc":0.20242370665073395,"trainEpoch/avg_loss":0.7759475111961365,"testEpochFinal/avg_edge_index_bg_fp":236.6822967529297,"trainEpoch/avg_edge_index_bg_tn":17377.84375,"testStepFinal/avg_edge_index_bg_tn":12738.599609375,"valEpoch/avg_edge_index_bg_mcc":0.08910229057073593,"valEpoch/avg_loss":0.9960722327232361,"valStep/avg_epi_node_tp":11.300000190734863,"testStep/avg_edge_index_bg_auprc":0.017215808853507042,"trainEpoch/avg_epi_node_tn":229.55972290039062,"testStepFinal/avg_epi_node_mcc":0.10567621141672134,"valStep/avg_epi_node_fn":8.399999618530273,"trainEpoch/avg_edge_index_bg_fp":205.88209533691406,"testStep/avg_edge_index_bg_tn":12569.099609375,"testEpochFinal/avg_epi_node_tp":10.288541793823242,"valStep/avg_epi_node_mcc":0.19359099864959717,"trainStep/avg_epi_node_mcc":0.32722675800323486,"testEpochFinal/avg_epi_node_auprc":0.16191323101520538,"testEpochFinal/avg_edge_index_bg_tp":10.46250057220459,"trainEpoch/avg_epi_node_mcc":0.26182958483695984,"trainStep/avg_edge_index_bg_tp":13.902913093566895,"_wandb":{"runtime":124},"testStep/avg_epi_node_fp":50,"testStep/avg_edge_index_bg_fn":37.20000076293945,"_runtime":124.870389,"valEpoch/avg_epi_node_tn":210.50938415527344,"valEpoch/avg_epi_node_auprc":0.16096782684326172,"testEpoch/avg_epi_node_tn":190.5958251953125,"trainEpoch/avg_epi_node_tp":11.894134521484375,"testEpoch/avg_edge_index_bg_fn":31.13749885559082,"testEpochFinal/avg_edge_index_bg_tn":16015.3974609375,"trainStep/avg_edge_index_bg_auprc":0.09129486978054047,"testEpochFinal/avg_edge_index_bg_auprc":0.05320436879992485,"testStep/avg_edge_index_bg_mcc":0.035329509526491165,"valStep/avg_edge_index_bg_mcc":0.09781995415687561,"valEpoch/avg_edge_index_bg_tn":17050.216796875,"trainStep/avg_epi_node_fp":22.504854202270508,"valStep/avg_edge_index_bg_fn":28.700000762939453,"testEpochFinal/avg_epi_node_tn":197.8614501953125,"testEpoch/avg_edge_index_bg_mcc":0.08065365254878998,"valStep/avg_epi_node_fp":50.29999923706055,"testEpoch/avg_edge_index_bg_auprc":0.05603788420557976,"testEpoch/avg_epi_node_tp":11.234375,"testEpochFinal/avg_edge_index_bg_mcc":0.07658565789461136,"testStepFinal/avg_edge_index_bg_tp":5.900000095367432,"valEpoch/avg_epi_node_fn":7.155208587646484,"valStep/avg_edge_index_bg_tn":14756.2001953125,"trainEpoch/avg_epi_node_fn":6.708317279815674,"trainStep/avg_edge_index_bg_fn":31.291261672973633,"trainStep/avg_epi_node_auprc":0.250728964805603,"testStep/avg_epi_node_tp":10,"testEpoch/avg_epi_node_fn":6.8125,"valStep/avg_edge_index_bg_tp":13.399999618530273,"testStepFinal/avg_epi_node_auprc":0.1437520533800125,"testStepFinal/avg_edge_index_bg_auprc":0.016781961545348167,"valEpoch/avg_edge_index_bg_auprc":0.0539129339158535,"testStepFinal/avg_epi_node_fp":41.5,"testEpoch/avg_edge_index_bg_tp":11.939582824707031,"testEpochFinal/avg_epi_node_mcc":0.16723018884658813,"trainEpoch/avg_edge_index_bg_fn":28.49309730529785,"trainEpoch/avg_epi_node_fp":40.944332122802734,"valEpoch/avg_edge_index_bg_fn":30.60624885559082,"testStepFinal/avg_edge_index_bg_fn":39,"testStep/avg_edge_index_bg_tp":7.699999809265137,"testStepFinal/avg_epi_node_tp":8.699999809265137,"valEpoch/avg_epi_node_tp":11.227084159851074,"testStep/avg_loss":1.4465848207473755,"trainEpoch/avg_edge_index_bg_tp":15.357650756835938,"testEpoch/avg_epi_node_mcc":0.17576588690280914,"testEpoch/avg_epi_node_fp":57.140625,"trainStep/avg_loss":0.7503194212913513,"testEpochFinal/avg_loss":1.0541222095489502,"valEpoch/avg_epi_node_mcc":0.18549233675003052,"trainStep/avg_epi_node_tp":11.077670097351074,"testEpoch/avg_loss":1.0585230588912964,"testStepFinal/avg_loss":1.4277913570404053,"testStep/avg_epi_node_auprc":0.14776591956615448,"trainStep/avg_edge_index_bg_fp":116.32038879394531,"testStep/avg_edge_index_bg_fp":426,"testEpochFinal/avg_edge_index_bg_fn":32.61458206176758,"testEpochFinal/avg_epi_node_fp":49.875,"valStep/avg_edge_index_bg_auprc":0.041747018694877625,"testStep/avg_epi_node_mcc":0.12702223658561707,"trainStep/avg_epi_node_fn":8.252427101135254,"trainStep/avg_edge_index_bg_tn":17127.7578125,"testStepFinal/avg_epi_node_fn":9.300000190734863,"testStep/avg_epi_node_fn":8,"valStep/avg_epi_node_auprc":0.1581382155418396}