{"trainStep/avg_epi_node_tn":224.7281494140625,"testStep/avg_epi_node_auprc":0.1350312978029251,"valEpoch/avg_edge_index_bg_tn":16941.701171875,"testEpochFinal/avg_epi_node_mcc":0.16145990788936615,"valStep/avg_epi_node_fp":59.70000076293945,"testStepFinal/avg_epi_node_mcc":0.09482202678918839,"testStepFinal/avg_epi_node_fn":11.300000190734863,"epoch":20,"_runtime":122.020061,"testEpochFinal/avg_edge_index_bg_fn":34.29270935058594,"testStepFinal/avg_epi_node_fp":31.100000381469727,"_wandb":{"runtime":122},"trainEpoch/avg_edge_index_bg_tn":17382.6171875,"testStepFinal/avg_epi_node_tn":161.60000610351562,"trainEpoch/avg_edge_index_bg_fp":201.1106414794922,"trainStep/avg_edge_index_bg_auprc":0.08545012772083282,"valEpoch/avg_edge_index_bg_fp":385.4656066894531,"trainStep/avg_epi_node_tp":12.456310272216797,"testEpoch/avg_epi_node_tn":179.32188415527344,"testStepFinal/avg_edge_index_bg_fp":153.39999389648438,"testEpoch/avg_epi_node_mcc":0.15701593458652496,"_timestamp":1.736014263108581e+09,"trainStep/avg_loss":0.7381108999252319,"trainStep/avg_epi_node_fp":33.660194396972656,"valStep/avg_edge_index_bg_fn":28,"valStep/avg_epi_node_auprc":0.16782888770103455,"testEpoch/avg_epi_node_fn":6.025000095367432,"testStep/avg_edge_index_bg_fn":37,"testStep/avg_edge_index_bg_tp":7.900000095367432,"testEpoch/avg_epi_node_fp":68.41458129882812,"valStep/avg_edge_index_bg_auprc":0.04363231733441353,"valStep/avg_epi_node_fn":6.300000190734863,"testStepFinal/avg_loss":1.4461438655853271,"testEpoch/avg_edge_index_bg_mcc":0.07990307360887527,"valStep/avg_edge_index_bg_fp":380.20001220703125,"trainStep/avg_epi_node_fn":6.873786449432373,"trainStep/avg_edge_index_bg_tp":16.12621307373047,"trainStep/avg_edge_index_bg_fp":172.63107299804688,"_step":526,"testEpoch/avg_edge_index_bg_tn":15862.5341796875,"valStep/avg_loss":0.9179479479789734,"trainEpoch/avg_epi_node_auprc":0.20243386924266815,"trainEpoch/avg_edge_index_bg_fn":29.08643341064453,"testStepFinal/avg_edge_index_bg_tp":3.299999952316284,"testEpochFinal/avg_loss":1.0690456628799438,"trainEpoch/avg_epi_node_tp":11.741766929626465,"valEpoch/avg_epi_node_fn":5.664583206176758,"testStep/avg_edge_index_bg_fp":367.8999938964844,"valStep/avg_epi_node_tp":13.399999618530273,"trainEpoch/avg_epi_node_tn":229.83251953125,"testStep/avg_epi_node_tn":139.39999389648438,"trainStep/avg_epi_node_mcc":0.30291157960891724,"valEpoch/avg_epi_node_auprc":0.15635819733142853,"testStep/avg_edge_index_bg_auprc":0.01858532801270485,"trainEpoch/avg_epi_node_fp":40.67152404785156,"testStepFinal/avg_edge_index_bg_auprc":0.018203657120466232,"testEpochFinal/avg_edge_index_bg_tn":16079.4296875,"testStep/avg_edge_index_bg_tn":12627.2001953125,"trainStep/avg_epi_node_auprc":0.2253708690404892,"valStep/avg_edge_index_bg_tn":14672.7001953125,"trainEpoch/avg_epi_node_fn":6.860685348510742,"valStep/avg_edge_index_bg_tp":14.100000381469727,"testEpoch/avg_edge_index_bg_fn":29.640625,"valEpoch/avg_epi_node_tn":197.21875,"testStep/avg_epi_node_fn":8.399999618530273,"testEpochFinal/avg_edge_index_bg_fp":172.65000915527344,"trainStep/avg_edge_index_bg_fn":29.067960739135742,"valEpoch/avg_epi_node_fp":67.59583282470703,"testEpoch/avg_edge_index_bg_auprc":0.05490626022219658,"testStep/avg_epi_node_mcc":0.09525519609451294,"testStep/avg_epi_node_tp":9.600000381469727,"testEpochFinal/avg_edge_index_bg_auprc":0.051673758774995804,"testEpochFinal/avg_epi_node_fn":8.826041221618652,"valStep/avg_epi_node_mcc":0.21362559497356415,"valStep/avg_epi_node_tn":163,"testEpochFinal/avg_epi_node_tp":9.220833778381348,"valEpoch/avg_edge_index_bg_fn":28.58854103088379,"testStepFinal/avg_edge_index_bg_mcc":0.02235526591539383,"valEpoch/avg_edge_index_bg_tp":14.485416412353516,"testStepFinal/avg_edge_index_bg_tn":12841.7001953125,"trainEpoch/avg_edge_index_bg_tp":14.764315605163574,"valEpoch/avg_epi_node_mcc":0.18555821478366852,"testStepFinal/avg_epi_node_auprc":0.14341358840465546,"trainEpoch/avg_loss":0.7864908576011658,"valEpoch/avg_edge_index_bg_mcc":0.08781550079584122,"testEpochFinal/avg_epi_node_fp":41.860416412353516,"testEpoch/avg_epi_node_auprc":0.1502547413110733,"valEpoch/avg_edge_index_bg_auprc":0.053633201867341995,"testStepFinal/avg_epi_node_tp":6.699999809265137,"trainEpoch/avg_edge_index_bg_auprc":0.0826675221323967,"trainEpoch/avg_edge_index_bg_mcc":0.12375635653734207,"trainEpoch/avg_epi_node_mcc":0.2590019106864929,"trainStep/avg_edge_index_bg_mcc":0.1430586874485016,"testEpochFinal/avg_epi_node_tn":205.87603759765625,"valEpoch/avg_epi_node_tp":12.717708587646484,"testEpochFinal/avg_edge_index_bg_mcc":0.06855104118585587,"testStep/avg_edge_index_bg_mcc":0.039414506405591965,"testStep/avg_epi_node_fp":53.29999923706055,"valEpoch/avg_loss":1.0003390312194824,"testEpochFinal/avg_edge_index_bg_tp":8.784375190734863,"testStepFinal/avg_edge_index_bg_fn":41.599998474121094,"testEpoch/avg_loss":1.0560388565063477,"testEpoch/avg_edge_index_bg_tp":13.436458587646484,"trainStep/avg_edge_index_bg_tn":17071.447265625,"testEpoch/avg_epi_node_tp":12.02187442779541,"testEpochFinal/avg_epi_node_auprc":0.15840737521648407,"testEpoch/avg_edge_index_bg_fp":389.5458068847656,"valStep/avg_edge_index_bg_mcc":0.08948918431997299,"testStep/avg_loss":1.315871000289917}