{"valStep/avg_edge_index_bg_tn":14718.7998046875,"testStepFinal/avg_epi_node_auprc":0.15107294917106628,"testEpochFinal/avg_edge_index_bg_auprc":0.07697223871946335,"testEpochFinal/avg_edge_index_bg_tn":16070.62109375,"testEpoch/avg_loss":1.3032195568084717,"trainStep/avg_epi_node_mcc":0.466479629278183,"valStep/avg_loss":0.9321012496948242,"testStep/avg_edge_index_bg_tn":12704.400390625,"testStep/avg_epi_node_tn":157.60000610351562,"valEpoch/avg_epi_node_mcc":0.23546625673770905,"_step":1852,"trainEpoch/avg_edge_index_bg_tn":17353.89453125,"testStepFinal/avg_epi_node_mcc":0.11841044574975967,"trainStep/avg_edge_index_bg_fp":221.03883361816406,"trainEpoch/avg_epi_node_mcc":0.42913705110549927,"trainEpoch/avg_epi_node_fn":5.314465045928955,"testStepFinal/avg_edge_index_bg_mcc":0.023110520094633102,"trainEpoch/avg_edge_index_bg_fn":18.34504508972168,"valEpoch/avg_epi_node_tp":9.952083587646484,"_wandb":{"runtime":431},"trainEpoch/avg_loss":0.5064722299575806,"testStep/avg_edge_index_bg_mcc":0.028995651751756668,"trainStep/avg_edge_index_bg_tn":17023.0390625,"trainEpoch/avg_edge_index_bg_auprc":0.14660240709781647,"testEpoch/avg_epi_node_mcc":0.22210906445980072,"valEpoch/avg_epi_node_auprc":0.2000465989112854,"trainStep/avg_edge_index_bg_fn":17.233009338378906,"testStep/avg_edge_index_bg_fn":39.79999923706055,"valStep/avg_epi_node_tn":187.5,"testStepFinal/avg_epi_node_fn":11.100000381469727,"trainStep/avg_epi_node_tp":14.019417762756348,"testEpoch/avg_edge_index_bg_fn":29.65416717529297,"trainStep/avg_loss":0.4723578989505768,"trainEpoch/avg_epi_node_fp":25.596460342407227,"testEpoch/avg_edge_index_bg_tn":15950.5302734375,"valStep/avg_edge_index_bg_fn":25.700000762939453,"testStepFinal/avg_edge_index_bg_fp":193.5,"testEpochFinal/avg_epi_node_tp":8.85312557220459,"testEpoch/avg_edge_index_bg_fp":301.5489501953125,"testEpochFinal/avg_epi_node_mcc":0.21785742044448853,"testEpochFinal/avg_epi_node_fn":9.19374942779541,"testStep/avg_loss":1.9153902530670166,"testStep/avg_epi_node_auprc":0.15132594108581543,"trainEpoch/avg_edge_index_bg_mcc":0.2237364649772644,"valEpoch/avg_edge_index_bg_fp":297.0687561035156,"trainStep/avg_epi_node_auprc":0.35375016927719116,"valStep/avg_epi_node_fp":35.20000076293945,"testStepFinal/avg_edge_index_bg_tp":3.9000000953674316,"testEpochFinal/avg_loss":1.1449106931686401,"valEpoch/avg_edge_index_bg_auprc":0.07133518904447556,"valEpoch/avg_epi_node_tn":228.2395782470703,"valStep/avg_edge_index_bg_tp":16.399999618530273,"testStepFinal/avg_loss":1.610369324684143,"valEpoch/avg_edge_index_bg_tn":17030.095703125,"trainEpoch/avg_epi_node_tn":244.90757751464844,"trainEpoch/avg_edge_index_bg_tp":25.505704879760742,"testEpochFinal/avg_edge_index_bg_fn":32.578125,"trainStep/avg_edge_index_bg_mcc":0.23839154839515686,"trainEpoch/avg_edge_index_bg_fp":229.83236694335938,"valStep/avg_edge_index_bg_fp":334.1000061035156,"testEpoch/avg_edge_index_bg_tp":13.422916412353516,"valStep/avg_epi_node_auprc":0.19533231854438782,"epoch":71,"trainStep/avg_edge_index_bg_tp":27.961164474487305,"trainStep/avg_epi_node_tn":236.47572326660156,"valStep/avg_edge_index_bg_auprc":0.05276792496442795,"testStep/avg_epi_node_fp":35.099998474121094,"trainStep/avg_epi_node_fp":21.912620544433594,"valStep/avg_epi_node_tp":10.399999618530273,"valEpoch/avg_epi_node_fn":8.430208206176758,"testEpoch/avg_epi_node_fn":8.33750057220459,"testStep/avg_edge_index_bg_tp":5.099999904632568,"testEpoch/avg_epi_node_auprc":0.20340941846370697,"trainStep/avg_edge_index_bg_auprc":0.15089772641658783,"valStep/avg_epi_node_fn":9.300000190734863,"_timestamp":1.735611196876847e+09,"testStep/avg_edge_index_bg_fp":290.70001220703125,"valEpoch/avg_loss":1.238418698310852,"testStepFinal/avg_epi_node_fp":31.600000381469727,"testEpoch/avg_epi_node_tn":209.80833435058594,"testStepFinal/avg_edge_index_bg_fn":41,"testEpochFinal/avg_epi_node_tn":215.69374084472656,"testEpochFinal/avg_edge_index_bg_tp":10.498958587646484,"trainStep/avg_epi_node_fn":5.3106794357299805,"testStepFinal/avg_edge_index_bg_auprc":0.016389694064855576,"testEpoch/avg_epi_node_fp":37.92812728881836,"valEpoch/avg_edge_index_bg_fn":28.41874885559082,"testStepFinal/avg_edge_index_bg_tn":12801.599609375,"testStepFinal/avg_epi_node_tp":6.900000095367432,"_runtime":431.883748,"testStep/avg_epi_node_tp":7.099999904632568,"testEpochFinal/avg_epi_node_auprc":0.20237191021442413,"valStep/avg_edge_index_bg_mcc":0.11813392490148544,"testEpochFinal/avg_edge_index_bg_mcc":0.09589800238609314,"testStepFinal/avg_epi_node_tn":161.10000610351562,"testEpochFinal/avg_epi_node_fp":32.04270935058594,"trainEpoch/avg_epi_node_auprc":0.3166636526584625,"testEpoch/avg_edge_index_bg_mcc":0.10485884547233582,"valStep/avg_epi_node_mcc":0.24979224801063538,"valEpoch/avg_edge_index_bg_tp":14.655208587646484,"testStep/avg_edge_index_bg_auprc":0.015566271729767323,"testEpoch/avg_epi_node_tp":9.70937442779541,"testStep/avg_epi_node_mcc":0.11273394525051117,"testStep/avg_epi_node_fn":10.899999618530273,"trainEpoch/avg_epi_node_tp":13.287985801696777,"testEpoch/avg_edge_index_bg_auprc":0.07647868245840073,"testEpochFinal/avg_edge_index_bg_fp":181.4583282470703,"valEpoch/avg_epi_node_fp":36.57500076293945,"valEpoch/avg_edge_index_bg_mcc":0.11052051931619644}