{"trainEpoch/avg_edge_index_bg_mcc":0,"testStep/avg_epi_node_fp":192.5,"testStepFinal/avg_epi_node_mcc":0.018082426860928535,"testStep/avg_edge_index_bg_tn":12995.099609375,"testEpoch/avg_edge_index_bg_auprc":0.011951707303524017,"testStep/avg_edge_index_bg_fp":0,"valEpoch/avg_edge_index_bg_tn":17327.166015625,"valStep/avg_epi_node_fn":0.10000000149011612,"testEpoch/avg_edge_index_bg_fp":0,"valEpoch/avg_epi_node_fn":0.05312499776482582,"trainEpoch/avg_epi_node_fp":113.02213287353516,"trainEpoch/avg_edge_index_bg_fn":43.119232177734375,"testStepFinal/avg_edge_index_bg_fn":44.900001525878906,"testStep/avg_edge_index_bg_mcc":0,"trainStep/avg_epi_node_tn":29.261905670166016,"testEpochFinal/avg_loss":1.5007768869400024,"testEpoch/avg_edge_index_bg_tn":16252.0791015625,"testEpochFinal/avg_epi_node_fn":9.389583587646484,"testEpochFinal/avg_epi_node_tp":8.657291412353516,"testStepFinal/avg_edge_index_bg_mcc":0,"testEpoch/avg_edge_index_bg_mcc":0,"testEpoch/avg_epi_node_fn":0.02083333395421505,"testEpoch/avg_edge_index_bg_tp":0,"trainStep/avg_edge_index_bg_fn":42.261905670166016,"trainStep/avg_edge_index_bg_mcc":0,"testEpochFinal/avg_edge_index_bg_mcc":0,"trainEpoch/avg_edge_index_bg_auprc":0.013861623592674732,"trainEpoch/avg_epi_node_auprc":0.11409199237823486,"trainEpoch/avg_edge_index_bg_tp":0,"testEpochFinal/avg_epi_node_tn":156.6927032470703,"testStep/avg_epi_node_mcc":0.0019607844296842813,"_runtime":18.410315,"valStep/avg_epi_node_fp":222.3000030517578,"trainEpoch/avg_epi_node_fn":6.1941962242126465,"valEpoch/avg_epi_node_mcc":-6.02619256824255e-05,"valStep/avg_epi_node_tp":19.600000381469727,"valEpoch/avg_epi_node_tp":18.329166412353516,"valEpoch/avg_edge_index_bg_fn":43.07395935058594,"_wandb":{"runtime":18},"testStepFinal/avg_loss":1.5851519107818604,"trainStep/avg_loss":1.510756492614746,"trainStep/avg_edge_index_bg_auprc":0.017158471047878265,"valStep/avg_edge_index_bg_mcc":0,"valEpoch/avg_epi_node_fp":263.2218933105469,"testEpoch/avg_epi_node_fp":245.2604217529297,"valStep/avg_epi_node_mcc":-0.007204607129096985,"trainEpoch/avg_epi_node_tp":11.654762268066406,"trainEpoch/avg_edge_index_bg_fp":0,"testEpoch/avg_epi_node_tp":18.02604103088379,"valStep/avg_edge_index_bg_tp":0,"valEpoch/avg_edge_index_bg_auprc":0.011261691339313984,"testStep/avg_epi_node_tn":0.20000000298023224,"valEpoch/avg_edge_index_bg_tp":0,"testEpochFinal/avg_edge_index_bg_auprc":0.0099335303530097,"testEpochFinal/avg_epi_node_fp":91.04375457763672,"trainStep/avg_epi_node_fn":1.8571428060531616,"testStepFinal/avg_epi_node_tp":9.100000381469727,"testStep/avg_edge_index_bg_tp":0,"testEpochFinal/avg_edge_index_bg_fn":43.077083587646484,"trainStep/avg_edge_index_bg_tn":12449.1669921875,"testStepFinal/avg_edge_index_bg_auprc":0.011681200005114079,"testEpochFinal/avg_edge_index_bg_tp":0,"testStepFinal/avg_epi_node_tn":114.5,"trainStep/avg_epi_node_mcc":0.02900928258895874,"testStep/avg_epi_node_fn":0,"testStep/avg_loss":1.5627400875091553,"valStep/avg_loss":1.4989808797836304,"testEpoch/avg_epi_node_auprc":0.1014341190457344,"testStep/avg_edge_index_bg_auprc":0.012790749780833721,"testStepFinal/avg_edge_index_bg_tn":12995.099609375,"trainStep/avg_edge_index_bg_fp":0,"valStep/avg_edge_index_bg_fn":42.099998474121094,"testStep/avg_edge_index_bg_fn":44.900001525878906,"trainStep/avg_edge_index_bg_tp":0,"valEpoch/avg_edge_index_bg_mcc":0,"testEpoch/avg_epi_node_tn":2.476041555404663,"epoch":5,"testEpochFinal/avg_edge_index_bg_tn":16252.0791015625,"testEpoch/avg_edge_index_bg_fn":43.077083587646484,"valEpoch/avg_loss":1.604488730430603,"_step":91,"valStep/avg_epi_node_auprc":0.10552903264760971,"testEpochFinal/avg_epi_node_auprc":0.10635734349489212,"testStepFinal/avg_edge_index_bg_tp":0,"testStepFinal/avg_epi_node_fn":8.899999618530273,"valStep/avg_edge_index_bg_auprc":0.008820009417831898,"trainStep/avg_epi_node_tp":15.309523582458496,"testStepFinal/avg_epi_node_auprc":0.11838813126087189,"trainEpoch/avg_epi_node_mcc":0.03289766609668732,"valStep/avg_edge_index_bg_tn":15052.900390625,"testEpochFinal/avg_edge_index_bg_fp":0,"trainEpoch/avg_epi_node_tn":120.00204467773438,"testEpoch/avg_epi_node_mcc":0.0023853934835642576,"testStep/avg_epi_node_tp":18,"trainEpoch/avg_loss":1.518465280532837,"valStep/avg_edge_index_bg_fp":0,"testEpochFinal/avg_epi_node_mcc":0.0197432953864336,"trainStep/avg_epi_node_auprc":0.11548708379268646,"_timestamp":1.736038914537409e+09,"trainEpoch/avg_edge_index_bg_tn":14971.857421875,"trainStep/avg_epi_node_fp":161.8333282470703,"valStep/avg_epi_node_tn":0.4000000059604645,"testEpoch/avg_loss":1.586005687713623,"testStepFinal/avg_edge_index_bg_fp":0,"valEpoch/avg_epi_node_tn":1.5927082300186157,"testStepFinal/avg_epi_node_fp":78.19999694824219,"testStep/avg_epi_node_auprc":0.11459247767925262,"valEpoch/avg_epi_node_auprc":0.09965040534734726,"valEpoch/avg_edge_index_bg_fp":0}