{"_wandb":{"runtime":0},"_timestamp":1.7355799349552891e+09,"_runtime":0.540053,"_step":7,"acc":0.7855312564986741,"loss":0.2071232453953969}